CollectionVersion,CurrentSchoolYear,AttendingDistrictCode,AttendingSchoolCode,ReportingDistrictCode,ReportingSchoolCode,ResidentDistrictCode,ResidentSchoolCode,StateID,LocalStudentID,LastName,FirstName,MiddleName,Suffix,DateOfBirth,StudentGradeLevel,Gender,RaceEthnicity,OffenseDate,OffenseType,WeaponType,DisciplineRemoval,LengthRemoved,ModifiedLength,API,LEPELL,IEPDisability
2026Jun1.0StuDiscipline,2025,001725,3677,001725,3677,001725,3677,0000000007,L0000000007,Delacruz,Scott,,,2021-02-08,PK,M,W,2024-11-06,V,,OSS,7,N,N,NLP,4
2026Jun1.0StuDiscipline,2026,064453,7049,064453,7049,064453,7049,0000000031,L0000000031,Morales,Todd,Jason,,2018-11-28,03,F,W,2026-03-02,O,,EXP,17,N,N,NLP,6
2026Jun1.0StuDiscipline,2026,037622,6663,037622,6663,037622,6663,0000000037,L0000000037,Anderson,Leon,Joseph,,2018-10-28,03,F,W,2026-03-03,N,,EXP,126,N,N,NLP,0
2026Jun1.0StuDiscipline,2024,037240,6733,037240,6733,037240,6733,0000000054,L0000000054,Joyce,Richard,Jeffrey,,2019-12-15,PK,M,W,2023-10-12,E,,EXP,142,N,N,NLP,0
2026Jun1.0StuDiscipline,2026,096593,7284,096593,7284,096593,7284,0000000078,L0000000078,Conley,Stephanie,Robert,,2018-09-15,03,F,W,2026-02-14,O,,ISS,2,N,N,NLP,0
2026Jun1.0StuDiscipline,2025,031330,3529,031330,3529,031330,3529,0000000083,L0000000083,Garcia,Melissa,Lori,,2018-12-25,03,F,W,2024-12-09,V,,ISS,3,N,N,NLP,0
2026Jun1.0StuDiscipline,2026,055005,5295,055005,5295,055005,5295,0000000096,L0000000096,Hill,Alexis,Kimberly,,2019-11-22,01,F,W,2026-02-10,T,,EXP,65,N,N,NLP,0
2026Jun1.0StuDiscipline,2026,097329,4893,097329,4893,097329,4893,0000000141,L0000000141,Mata,Carlos,Joshua,,2018-01-21,03,M,W,2026-01-14,W,,ISS,2,N,N,NLP,0
2026Jun1.0StuDiscipline,2025,095567,7338,095567,7338,095567,7338,0000000144,L0000000144,Herrera,Krystal,Alexander,,2018-08-15,02,F,W,2024-11-18,W,,ISS,3,N,N,NLP,0
2026Jun1.0StuDiscipline,2025,108293,8498,108293,8498,108293,8498,0000000146,L0000000146,Walker,Kristina,Suzanne,,2018-06-18,02,F,W,2024-11-20,N,,EXP,55,N,N,RCV,0
2026Jun1.0StuDiscipline,2026,084736,1987,084736,1987,084736,1987,0000000197,L0000000197,Wallace,Erica,John,,2019-08-19,01,F,B,2026-04-22,D,,ISS,3,N,N,NLP,0
2026Jun1.0StuDiscipline,2026,042701,9395,042701,9395,042701,9395,0000000224,L0000000224,Taylor,Jeremy,Billy,,2019-02-26,01,M,M,2025-12-23,N,,OSS,5,N,N,NLP,0
2026Jun1.0StuDiscipline,2025,093648,8501,093648,8501,093648,8501,0000000228,L0000000228,Downs,Robert,Walter,,2018-07-05,02,M,W,2025-01-17,T,,EXP,115,N,N,NLP,0
2026Jun1.0StuDiscipline,2025,016211,7931,016211,7931,016211,7931,0000000244,L0000000244,Davis,Danielle,,,2018-08-04,02,F,I,2025-03-28,E,,EXP,98,N,N,NLP,12
2026Jun1.0StuDiscipline,2024,079373,5380,079373,5380,079373,5380,0000000252,L0000000252,Morrison,Jacob,Charles,,2018-12-22,01,M,W,2023-10-04,W,,EXP,18,N,N,NLP,0
2026Jun1.0StuDiscipline,2025,083909,5979,083909,5979,083909,5979,0000000279,L0000000279,Carrillo,Tammy,Stacy,,2020-06-01,PK,F,B,2024-10-04,D,,OSS,4,N,N,NLP,0
2026Jun1.0StuDiscipline,2025,060959,4066,060959,4066,060959,4066,0000000291,L0000000291,Nunez,Elizabeth,,,2021-10-12,PK,F,W,2024-11-12,V,,ISS,1,N,N,NLP,0
2026Jun1.0StuDiscipline,2025,085689,3248,085689,3248,085689,3248,0000000292,L0000000292,Pineda,Gregory,Donald,,2019-11-13,K,M,W,2024-11-15,A,,ISS,2,N,N,NLP,0
2026Jun1.0StuDiscipline,2025,014610,3885,014610,3885,014610,3885,0000000296,L0000000296,Ray,Sabrina,Barbara,,2018-06-21,02,F,W,2025-05-07,N,,ISS,3,N,N,NLP,0
2026Jun1.0StuDiscipline,2026,048531,1621,048531,1621,048531,1621,0000000297,L0000000297,Hill,Adriana,Robert,,2020-05-19,K,F,W,2025-09-17,V,,ISS,2,N,N,NLP,0
2026Jun1.0StuDiscipline,2025,106776,5205,106776,5205,106776,5205,0000000304,L0000000304,Burgess,Cheryl,Natalie,,2020-01-25,PK,F,W,2025-05-05,V,,ISS,1,N,N,NLP,0
2026Jun1.0StuDiscipline,2024,007878,6004,007878,6004,007878,6004,0000000329,L0000000329,Wallace,Christopher,Sherry,,2018-06-05,02,F,W,2024-05-09,A,,EXP,140,N,N,NLP,0
2026Jun1.0StuDiscipline,2025,007878,7168,007878,7168,007878,7168,0000000329,L0000000329,Wallace,Christopher,Sherry,,2018-06-05,02,F,W,2025-01-10,V,,OSS,8,N,N,NLP,0
2026Jun1.0StuDiscipline,2026,031283,4272,031283,4272,031283,4272,0000000346,L0000000346,Brooks,Gwendolyn,Jeffrey,,2019-06-12,01,F,W,2026-04-22,E,,OSS,1,N,N,NLP,0
2026Jun1.0StuDiscipline,2024,108961,5809,108961,5809,108961,5809,0000000380,L0000000380,Rios,Holly,Jim,,2018-07-10,01,F,W,2023-09-25,A,,OSS,4,N,N,NLP,0
2026Jun1.0StuDiscipline,2026,108961,1653,108961,1653,108961,1653,0000000380,L0000000380,Rios,Holly,Jim,,2018-07-10,03,F,W,2026-02-05,T,,OSS,8,N,N,NLP,0
2026Jun1.0StuDiscipline,2025,064218,4492,064218,4492,064218,4492,0000000382,L0000000382,Davis,John,Darryl,,2018-06-18,02,M,W,2025-05-12,A,,EXP,158,N,N,NLP,4
2026Jun1.0StuDiscipline,2024,038572,1891,038572,1891,038572,1891,0000000389,L0000000389,Oneal,Mark,Benjamin,,2020-05-04,PK,M,W,2023-10-03,T,,ISS,2,N,N,NLP,0
2026Jun1.0StuDiscipline,2024,065116,1116,065116,1116,065116,1116,0000000410,L0000000410,Davis,Yolanda,Michelle,,2020-01-22,K,F,W,2024-04-15,N,,EXP,87,N,N,NLP,0
2026Jun1.0StuDiscipline,2025,087682,1852,087682,1852,087682,1852,0000000413,L0000000413,Moss,Lauren,Jaclyn,,2021-07-08,PK,F,W,2024-12-03,O,,EXP,95,N,N,NLP,0
2026Jun1.0StuDiscipline,2026,006290,6603,006290,6603,006290,6603,0000000423,L0000000423,Reyes,Nathaniel,Jon,,2019-01-02,01,M,W,2026-01-09,A,,ISS,2,N,N,NLP,0
2026Jun1.0StuDiscipline,2024,016203,5501,016203,5501,016203,5501,0000000427,L0000000427,Cooper,Kimberly,,,2018-02-14,01,F,I,2023-11-08,W,,EXP,12,N,N,RCV,0
2026Jun1.0StuDiscipline,2026,021359,6621,021359,6621,021359,6621,0000000429,L0000000429,Dickson,Randall,Zachary,,2019-04-23,01,M,B,2026-04-24,E,,ISS,3,N,N,NLP,0
2026Jun1.0StuDiscipline,2025,001699,8113,001699,8113,001699,8113,0000000453,L0000000453,Anthony,Dorothy,Angela,,2018-10-27,02,F,W,2024-10-28,W,,EXP,148,N,N,NLP,4
2026Jun1.0StuDiscipline,2024,079734,2974,079734,2974,079734,2974,0000000473,L0000000473,Maldonado,Jennifer,Tammy,,2018-05-16,01,F,W,2023-12-01,T,,ISS,1,N,N,NLP,0
2026Jun1.0StuDiscipline,2026,001394,1245,001394,1245,001394,1245,0000000491,L0000000491,Gutierrez,Erin,Alyssa,,2018-09-02,03,F,W,2025-11-28,O,,ISS,1,N,N,NLP,16
2026Jun1.0StuDiscipline,2025,016958,4323,016958,4323,016958,4323,0000000492,L0000000492,Orozco,Victoria,,,2019-09-05,K,F,W,2024-12-16,A,,ISS,1,N,N,NLP,0
2026Jun1.0StuDiscipline,2026,054374,5705,054374,5705,054374,5705,0000000507,L0000000507,Clark,Andrew,Jon,,2020-05-23,K,M,I,2025-10-28,T,,ISS,3,N,N,NLP,0
2026Jun1.0StuDiscipline,2026,066210,8304,066210,8304,066210,8304,0000000523,L0000000523,Valdez,David,Tyler,,2020-07-04,K,F,W,2026-05-10,V,,OSS,5,N,N,NLP,0
2026Jun1.0StuDiscipline,2025,025760,5227,025760,5227,025760,5227,0000000525,L0000000525,Cox,Megan,Tiffany,,2018-05-15,02,F,A,2024-10-26,A,,EXP,152,N,N,RCV,12
2026Jun1.0StuDiscipline,2024,096491,4698,096491,4698,096491,4698,0000000538,L0000000538,Hart,Jennifer,Kathleen,,2018-04-22,01,F,W,2024-04-22,D,,OSS,5,N,N,NLP,0
2026Jun1.0StuDiscipline,2026,043122,1014,043122,1014,043122,1014,0000000557,L0000000557,Rivera,Brittany,Judy,,2018-06-02,03,F,W,2026-02-26,D,,OSS,2,N,N,NLP,0
2026Jun1.0StuDiscipline,2024,043910,3949,043910,3949,043910,3949,0000000570,L0000000570,Hernandez,Donna,Heather,,2019-09-20,PK,F,B,2024-03-22,V,,EXP,14,N,N,NLP,0
2026Jun1.0StuDiscipline,2026,088158,8524,088158,8524,088158,8524,0000000581,L0000000581,Garcia,Bill,Deborah,,2018-02-24,03,F,W,2025-12-05,N,,EXP,74,N,N,NLP,0
2026Jun1.0StuDiscipline,2025,006413,6346,006413,6346,006413,6346,0000000590,L0000000590,Aguilar,Jason,Charles,,2020-11-13,PK,M,W,2025-04-04,D,,OSS,1,N,N,NLP,0
2026Jun1.0StuDiscipline,2026,023469,7557,023469,7557,023469,7557,0000000625,L0000000625,Dunn,Chloe,Jordan,,2018-07-02,03,F,W,2025-12-03,W,,ISS,3,N,N,RCV,8
2026Jun1.0StuDiscipline,2026,025004,9274,025004,9274,025004,9274,0000000700,L0000000700,Miller,Monica,,,2019-08-15,01,F,W,2025-10-16,N,,EXP,31,N,N,NLP,0
2026Jun1.0StuDiscipline,2026,112185,1958,112185,1958,112185,1958,0000000724,L0000000724,Forbes,Amanda,,,2019-09-28,01,F,W,2026-03-27,O,,EXP,164,N,N,NLP,6
2026Jun1.0StuDiscipline,2025,006714,1849,006714,1849,006714,1849,0000000725,L0000000725,Mccoy,Jose,,,2018-03-04,02,M,W,2025-03-24,O,,ISS,1,N,N,NLP,0
2026Jun1.0StuDiscipline,2026,006714,4874,006714,4874,006714,4874,0000000725,L0000000725,Mccoy,Jose,,,2018-03-04,03,M,W,2025-11-22,W,,EXP,174,N,N,NLP,0
2026Jun1.0StuDiscipline,2026,106182,4623,106182,4623,106182,4623,0000000736,L0000000736,Smith,Amy,,,2018-09-11,03,F,W,2025-10-18,O,,ISS,3,N,N,NLP,0
2026Jun1.0StuDiscipline,2026,100547,7666,100547,7666,100547,7666,0000000741,L0000000741,Morris,Barry,Kayla,,2020-04-13,K,F,B,2026-04-07,O,,OSS,9,N,N,RCV,0
2026Jun1.0StuDiscipline,2025,020145,8519,020145,8519,020145,8519,0000000778,L0000000778,Nguyen,Brian,Kyle,,2019-03-21,K,M,W,2024-11-13,E,,EXP,127,N,N,NLP,0
2026Jun1.0StuDiscipline,2025,004707,9721,004707,9721,004707,9721,0000000789,L0000000789,Bryant,Martin,Jason,,2021-10-25,PK,M,W,2025-01-26,T,,EXP,78,N,N,NLP,0
2026Jun1.0StuDiscipline,2024,075182,8800,075182,8800,075182,8800,0000000826,L0000000826,Schneider,James,Ricky,,2018-02-13,01,M,W,2024-04-06,E,,ISS,1,N,N,NLP,0
2026Jun1.0StuDiscipline,2025,047644,1886,047644,1886,047644,1886,0000000840,L0000000840,Montgomery,Victoria,Vanessa,,2018-11-28,02,F,I,2025-02-16,D,,OSS,4,N,N,NLP,0
2026Jun1.0StuDiscipline,2026,046495,7498,046495,7498,046495,7498,0000000843,L0000000843,Thompson,Natalie,Tammy,,2018-10-03,03,F,W,2025-09-11,T,,EXP,64,N,N,NLP,0
2026Jun1.0StuDiscipline,2025,096868,9379,096868,9379,096868,9379,0000000855,L0000000855,Holland,Casey,Edward,,2018-10-24,02,M,W,2025-03-23,T,,EXP,125,N,N,NLP,0
2026Jun1.0StuDiscipline,2025,077519,6007,077519,6007,077519,6007,0000000862,L0000000862,Banks,Matthew,Amber,,2021-12-19,PK,F,W,2025-04-11,V,,OSS,6,N,N,NLP,0
2026Jun1.0StuDiscipline,2025,067663,2595,067663,2595,067663,2595,0000000924,L0000000924,Henry,Christina,Mary,,2021-02-18,PK,F,B,2025-05-03,E,,EXP,64,N,N,NLP,0
2026Jun1.0StuDiscipline,2026,056110,9182,056110,9182,056110,9182,0000000935,L0000000935,Leonard,Lindsey,Craig,,2018-07-20,03,F,W,2025-11-14,V,,OSS,7,N,N,NLP,0
2026Jun1.0StuDiscipline,2026,043975,5263,043975,5263,043975,5263,0000000946,L0000000946,Esparza,Lance,Todd,,2018-05-28,03,F,W,2025-09-06,T,,OSS,2,N,N,NLP,17
2026Jun1.0StuDiscipline,2026,003678,4159,003678,4159,003678,4159,0000000953,L0000000953,Robinson,Natasha,Taylor,,2018-11-17,03,F,W,2025-12-24,D,,OSS,3,N,N,NLP,0
2026Jun1.0StuDiscipline,2025,047481,1483,047481,1483,047481,1483,0000000954,L0000000954,Henry,Jonathan,Bridget,,2020-03-13,PK,F,W,2024-10-06,A,,OSS,10,N,N,RCV,0
2026Jun1.0StuDiscipline,2025,066453,4229,066453,4229,066453,4229,0000000962,L0000000962,Wilkins,Shawn,,,2019-07-09,K,M,W,2025-01-21,A,,EXP,97,N,N,NLP,0
2026Jun1.0StuDiscipline,2025,102428,7923,102428,7923,102428,7923,0000000977,L0000000977,Young,Gary,,,2018-06-06,02,M,W,2024-10-01,E,,ISS,2,N,N,NLP,16
2026Jun1.0StuDiscipline,2026,088176,4335,088176,4335,088176,4335,0000000979,L0000000979,Vasquez,Christopher,Christopher,,2018-04-21,03,M,W,2025-10-06,V,,OSS,9,N,N,NLP,0
2026Jun1.0StuDiscipline,2025,108853,1341,108853,1341,108853,1341,0000000981,L0000000981,Campbell,Teresa,,,2018-10-23,02,F,W,2025-04-27,D,,OSS,2,N,N,NLP,16
2026Jun1.0StuDiscipline,2026,012649,3866,012649,3866,012649,3866,0000000986,L0000000986,White,Brandon,Sean,,2018-04-15,03,M,B,2026-05-16,O,,EXP,73,N,N,NLP,0
2026Jun1.0StuDiscipline,2025,094506,5118,094506,5118,094506,5118,0000001016,L0000001016,Reed,Sheila,,,2021-08-07,PK,F,W,2025-04-21,A,,ISS,1,N,N,NLP,0
2026Jun1.0StuDiscipline,2024,110954,3051,110954,3051,110954,3051,0000001022,L0000001022,Johnson,Patricia,,,2018-06-08,01,F,W,2023-11-23,N,,ISS,1,N,N,NLP,0
2026Jun1.0StuDiscipline,2026,062750,5227,062750,5227,062750,5227,0000001037,L0000001037,Medina,Nicole,Christopher,,2018-04-01,03,F,W,2025-11-14,O,,ISS,2,N,N,NLP,0
2026Jun1.0StuDiscipline,2025,102767,3458,102767,3458,102767,3458,0000001044,L0000001044,Osborne,Kelli,Cheryl,,2019-02-21,K,F,W,2024-11-23,D,,OSS,4,N,N,NLP,0
2026Jun1.0StuDiscipline,2026,046535,7773,046535,7773,046535,7773,0000001076,L0000001076,Clark,Mary,Erica,,2021-06-09,PK,F,W,2026-03-07,D,,EXP,75,N,N,NLP,0
2026Jun1.0StuDiscipline,2025,083047,8811,083047,8811,083047,8811,0000001083,L0000001083,Carroll,Jennifer,Sheila,,2018-04-06,02,F,W,2025-04-19,O,,ISS,2,N,N,NLP,0
2026Jun1.0StuDiscipline,2026,115129,6683,115129,6683,115129,6683,0000001120,L0000001120,Robinson,Cynthia,,,2020-04-01,K,F,W,2025-10-02,A,,EXP,98,N,N,NLP,0
2026Jun1.0StuDiscipline,2026,069421,2656,069421,2656,069421,2656,0000001130,L0000001130,Peterson,John,Robert,,2018-02-23,03,M,W,2025-09-15,E,,OSS,1,N,N,NLP,0
2026Jun1.0StuDiscipline,2026,108563,1906,108563,1906,108563,1906,0000001170,L0000001170,Bradford,Donna,Allison,,2021-11-13,K,F,W,2026-02-07,E,,EXP,114,N,N,NLP,0
2026Jun1.0StuDiscipline,2026,110929,8955,110929,8955,110929,8955,0000001219,L0000001219,Hernandez,Anthony,Robert,,2020-08-24,K,M,W,2025-12-14,E,,OSS,3,N,N,NLP,0
2026Jun1.0StuDiscipline,2026,048006,2826,048006,2826,048006,2826,0000001228,L0000001228,Johnson,Jared,,,2020-12-19,K,M,A,2025-10-19,D,,ISS,2,N,N,NLP,0
2026Jun1.0StuDiscipline,2026,015678,7927,015678,7927,015678,7927,0000001257,L0000001257,Baxter,Angela,Trevor,,2018-08-18,03,F,W,2026-01-26,V,,ISS,1,N,N,NLP,0
2026Jun1.0StuDiscipline,2025,063492,4096,063492,4096,063492,4096,0000001263,L0000001263,Welch,Aaron,,,2019-07-23,K,M,W,2025-05-23,W,,ISS,2,N,N,NLP,0
2026Jun1.0StuDiscipline,2026,098664,5780,098664,5780,098664,5780,0000001264,L0000001264,Barry,Susan,Zachary,,2018-04-19,03,F,W,2025-11-06,N,,EXP,161,N,N,NLP,0
2026Jun1.0StuDiscipline,2026,011065,2128,011065,2128,011065,2128,0000001282,L0000001282,Mitchell,Marc,,,2018-12-07,03,F,W,2026-04-02,W,,EXP,178,N,N,NLP,0
2026Jun1.0StuDiscipline,2026,039445,7606,039445,7606,039445,7606,0000001300,L0000001300,Valdez,Patrick,James,,2018-01-14,03,M,W,2026-03-27,V,,EXP,45,N,N,NLP,0
2026Jun1.0StuDiscipline,2026,073791,5358,073791,5358,073791,5358,0000001309,L0000001309,Mendoza,Robin,Elizabeth,,2018-09-19,03,F,W,2026-03-04,O,,OSS,1,N,N,NLP,0
2026Jun1.0StuDiscipline,2026,087094,5071,087094,5071,087094,5071,0000001328,L0000001328,Jones,Jacob,Bob,,2020-01-17,K,M,W,2025-11-08,N,,ISS,3,N,N,NLP,0
2026Jun1.0StuDiscipline,2026,038348,3992,038348,3992,038348,3992,0000001351,L0000001351,Edwards,William,Colleen,,2018-09-21,03,F,W,2025-12-03,O,,EXP,165,N,N,NLP,0
2026Jun1.0StuDiscipline,2025,051633,6610,051633,6610,051633,6610,0000001364,L0000001364,Morris,Elizabeth,Christina,,2020-12-23,PK,F,A,2025-03-23,E,,OSS,7,N,N,RCV,0
2026Jun1.0StuDiscipline,2026,033404,7512,033404,7512,033404,7512,0000001419,L0000001419,Freeman,Julie,Janice,,2018-08-04,03,F,I,2026-05-15,E,,OSS,9,N,N,NLP,0
2026Jun1.0StuDiscipline,2026,030069,9885,030069,9885,030069,9885,0000001432,L0000001432,Watts,Patrick,Samuel,,2019-08-02,01,M,W,2025-11-11,O,,ISS,1,N,N,NLP,0
2026Jun1.0StuDiscipline,2025,087925,8501,087925,8501,087925,8501,0000001438,L0000001438,Vance,Heather,Michelle,,2019-12-26,K,F,W,2025-01-05,D,,OSS,10,N,N,NLP,0
2026Jun1.0StuDiscipline,2026,006736,2845,006736,2845,006736,2845,0000001453,L0000001453,Kim,Nicholas,Nancy,,2018-12-16,03,F,W,2025-12-09,N,,EXP,22,N,N,NLP,0
2026Jun1.0StuDiscipline,2025,062280,3408,062280,3408,062280,3408,0000001454,L0000001454,Marquez,Timothy,,,2018-11-17,02,M,W,2024-09-10,N,,EXP,106,N,N,NLP,0
2026Jun1.0StuDiscipline,2026,017062,7877,017062,7877,017062,7877,0000001495,L0000001495,Taylor,Jeffrey,Jeffery,,2019-07-21,01,M,W,2026-02-15,N,,ISS,3,N,N,NLP,0
2026Jun1.0StuDiscipline,2025,078868,2930,078868,2930,078868,2930,0000001525,L0000001525,James,Antonio,Jessica,,2018-08-06,02,F,W,2024-09-11,W,,EXP,132,N,N,NLP,0
2026Jun1.0StuDiscipline,2025,080395,5127,080395,5127,080395,5127,0000001528,L0000001528,Lloyd,Gary,,,2018-01-10,02,M,W,2024-12-18,W,,OSS,5,N,N,NLP,0
2026Jun1.0StuDiscipline,2026,046628,8331,046628,8331,046628,8331,0000001541,L0000001541,Snyder,Raymond,David,,2020-10-10,K,M,W,2025-12-17,T,,OSS,7,N,N,NLP,0
2026Jun1.0StuDiscipline,2026,102292,7456,102292,7456,102292,7456,0000001561,L0000001561,Ramos,Emily,Jenna,,2021-01-13,PK,F,W,2026-01-09,A,,OSS,7,N,N,NLP,0
2026Jun1.0StuDiscipline,2025,100856,8065,100856,8065,100856,8065,0000001611,L0000001611,Daniel,Roger,Jonathan,,2018-02-12,02,M,W,2025-04-15,T,,OSS,7,N,N,NLP,0
2026Jun1.0StuDiscipline,2025,004799,9424,004799,9424,004799,9424,0000001616,L0000001616,Campos,Stephanie,Cheryl,,2018-08-04,02,F,W,2025-01-10,E,,EXP,44,N,N,NLP,0
2026Jun1.0StuDiscipline,2025,092744,1321,092744,1321,092744,1321,0000001624,L0000001624,Cook,Aimee,Jennifer,,2018-04-19,02,F,W,2025-02-17,O,,EXP,33,N,N,NLP,12
2026Jun1.0StuDiscipline,2025,065256,7523,065256,7523,065256,7523,0000001642,L0000001642,Santiago,Alexandra,Martha,,2018-09-03,02,F,W,2024-09-03,A,,ISS,3,N,N,NLP,0
2026Jun1.0StuDiscipline,2026,092782,1046,092782,1046,092782,1046,0000001651,L0000001651,Sellers,Jimmy,Luis,,2018-06-13,03,M,W,2025-12-09,A,,OSS,4,N,N,NLP,0
2026Jun1.0StuDiscipline,2026,062848,9230,062848,9230,062848,9230,0000001682,L0000001682,Garcia,Jeremiah,Richard,,2021-07-14,PK,M,W,2026-05-06,E,,OSS,3,N,N,RCV,0
2026Jun1.0StuDiscipline,2026,023045,7915,023045,7915,023045,7915,0000001694,L0000001694,Francis,Mark,Adam,,2021-03-17,PK,M,W,2026-01-26,O,,ISS,1,N,N,NLP,0
2026Jun1.0StuDiscipline,2026,103771,7113,103771,7113,103771,7113,0000001709,L0000001709,Morris,Jason,Emily,,2018-06-11,03,F,B,2026-05-19,T,,ISS,1,N,N,NLP,0
2026Jun1.0StuDiscipline,2026,006067,4542,006067,4542,006067,4542,0000001728,L0000001728,York,Kayla,,,2019-08-03,01,F,W,2026-02-05,V,,ISS,3,N,N,NLP,0
2026Jun1.0StuDiscipline,2026,115258,1652,115258,1652,115258,1652,0000001737,L0000001737,Dillon,Tiffany,Allison,,2019-11-13,01,F,W,2026-01-15,O,,ISS,2,N,N,NLP,0
2026Jun1.0StuDiscipline,2024,086286,5191,086286,5191,086286,5191,0000001742,L0000001742,Hamilton,Theresa,Sara,,2018-02-25,01,F,A,2024-04-04,V,,OSS,10,N,N,RCV,0
2026Jun1.0StuDiscipline,2024,061874,3756,061874,3756,061874,3756,0000001743,L0000001743,Smith,Rhonda,Sherri,,2018-04-14,02,F,W,2023-10-03,O,,ISS,2,N,N,NLP,0
2026Jun1.0StuDiscipline,2024,034248,2468,034248,2468,034248,2468,0000001754,L0000001754,Dunlap,Jeffrey,David,,2018-11-09,01,F,W,2024-02-05,E,,ISS,3,N,N,NLP,0
2026Jun1.0StuDiscipline,2026,107064,1990,107064,1990,107064,1990,0000001758,L0000001758,Bullock,Sarah,Austin,,2018-02-18,03,F,W,2026-02-18,A,,OSS,7,N,N,NLP,0
2026Jun1.0StuDiscipline,2026,107988,3416,107988,3416,107988,3416,0000001763,L0000001763,Davis,Patricia,Joyce,,2018-04-25,03,F,B,2025-10-15,E,,OSS,9,N,N,NLP,0
2026Jun1.0StuDiscipline,2026,079197,8736,079197,8736,079197,8736,0000001768,L0000001768,Hart,Richard,,,2021-03-28,PK,M,W,2025-12-21,O,,OSS,9,N,N,NLP,0
2026Jun1.0StuDiscipline,2026,095663,4037,095663,4037,095663,4037,0000001770,L0000001770,Dunlap,Paul,Christian,,2018-12-04,03,M,W,2025-12-11,N,,OSS,2,N,N,NLP,0
2026Jun1.0StuDiscipline,2025,087798,9505,087798,9505,087798,9505,0000001780,L0000001780,Glenn,Caroline,Michelle,,2018-12-16,02,F,W,2025-03-23,D,,ISS,1,N,N,RCV,0
2026Jun1.0StuDiscipline,2026,031735,4713,031735,4713,031735,4713,0000001786,L0000001786,Massey,Brian,,,2018-12-10,03,M,W,2025-09-23,V,,ISS,2,N,N,NLP,6
2026Jun1.0StuDiscipline,2025,111990,9690,111990,9690,111990,9690,0000001802,L0000001802,Hawkins,Karen,Jessica,,2019-10-05,K,F,W,2025-04-04,T,,ISS,3,N,N,NLP,0
2026Jun1.0StuDiscipline,2025,014862,6413,014862,6413,014862,6413,0000001811,L0000001811,Andersen,Tommy,,,2020-03-06,PK,M,W,2024-09-24,D,,ISS,3,N,N,NLP,0
2026Jun1.0StuDiscipline,2026,003771,9496,003771,9496,003771,9496,0000001815,L0000001815,Houston,Patricia,Wanda,,2018-07-04,03,F,W,2026-04-14,W,,EXP,80,N,N,NLP,0
2026Jun1.0StuDiscipline,2025,079630,8008,079630,8008,079630,8008,0000001829,L0000001829,Flores,April,Elizabeth,,2018-11-07,02,F,B,2024-12-23,O,,ISS,2,N,N,RCV,0
2026Jun1.0StuDiscipline,2026,082162,2211,082162,2211,082162,2211,0000001837,L0000001837,Bowman,Christina,Christine,,2018-07-05,03,F,W,2026-04-06,V,,OSS,10,N,N,RCV,0
2026Jun1.0StuDiscipline,2025,026995,5549,026995,5549,026995,5549,0000001857,L0000001857,Salazar,Kaitlin,Felicia,,2018-05-02,02,F,W,2024-12-28,O,,ISS,3,N,N,NLP,0
2026Jun1.0StuDiscipline,2026,070088,3940,070088,3940,070088,3940,0000001859,L0000001859,Scott,Sylvia,Paul,,2018-08-13,03,F,W,2026-01-19,A,,EXP,74,N,N,NLP,0
2026Jun1.0StuDiscipline,2024,027164,4339,027164,4339,027164,4339,0000001863,L0000001863,Gould,Michelle,Laura,,2018-04-13,01,F,W,2023-09-08,W,,ISS,1,N,N,NLP,0
2026Jun1.0StuDiscipline,2025,027164,9284,027164,9284,027164,9284,0000001863,L0000001863,Gould,Michelle,Laura,,2018-04-13,02,F,W,2024-11-04,A,,ISS,1,N,N,NLP,0
2026Jun1.0StuDiscipline,2024,012791,4295,012791,4295,012791,4295,0000001865,L0000001865,Sosa,Jodi,Summer,,2018-06-13,01,F,W,2023-12-15,T,,EXP,18,N,N,RCV,0
2026Jun1.0StuDiscipline,2025,060468,8527,060468,8527,060468,8527,0000001897,L0000001897,Pena,Nicolas,Joseph,,2021-10-05,PK,M,W,2024-10-28,A,,OSS,9,N,N,NLP,0
2026Jun1.0StuDiscipline,2026,059481,8773,059481,8773,059481,8773,0000001899,L0000001899,Smith,Pamela,Michelle,,2020-07-25,K,F,W,2026-05-09,O,,ISS,3,N,N,NLP,0
2026Jun1.0StuDiscipline,2024,112287,2212,112287,2212,112287,2212,0000001909,L0000001909,Snyder,Brenda,Kelly,,2018-01-17,01,F,A,2024-03-27,O,,ISS,3,N,N,RCV,10
2026Jun1.0StuDiscipline,2026,056913,1697,056913,1697,056913,1697,0000001925,L0000001925,Parrish,Tyler,Caleb,,2018-05-12,03,M,W,2026-02-26,T,,EXP,178,N,N,RCV,0
2026Jun1.0StuDiscipline,2026,055277,4039,055277,4039,055277,4039,0000001942,L0000001942,Clark,Sandra,Shannon,,2018-07-22,03,F,W,2026-01-28,V,,ISS,3,N,N,RCV,0
2026Jun1.0StuDiscipline,2024,104785,1370,104785,1370,104785,1370,0000001953,L0000001953,Santos,Shane,Aaron,,2020-02-27,PK,F,W,2024-01-01,D,,ISS,1,N,N,NLP,0
2026Jun1.0StuDiscipline,2026,113456,9848,113456,9848,113456,9848,0000001954,L0000001954,Mitchell,Michelle,Natalie,,2019-04-23,01,F,P,2026-02-03,O,,EXP,147,N,N,NLP,0
2026Jun1.0StuDiscipline,2025,007290,1485,007290,1485,007290,1485,0000001976,L0000001976,Solis,Donald,Karl,,2018-11-11,02,M,W,2024-10-15,E,,OSS,1,N,N,NLP,0
2026Jun1.0StuDiscipline,2025,104409,5251,104409,5251,104409,5251,0000001980,L0000001980,Snyder,Brandy,,,2018-05-02,02,F,W,2024-12-10,D,,EXP,106,N,N,NLP,0
2026Jun1.0StuDiscipline,2026,062162,4432,062162,4432,062162,4432,0000001985,L0000001985,Keller,Jacob,James,,2018-07-01,03,F,W,2025-12-08,V,,ISS,1,N,N,NLP,0
2026Jun1.0StuDiscipline,2025,103852,6509,103852,6509,103852,6509,0000001986,L0000001986,Gutierrez,Richard,Cody,,2018-05-16,02,M,W,2024-11-01,A,,ISS,1,N,N,NLP,0
2026Jun1.0StuDiscipline,2026,019701,1760,019701,1760,019701,1760,0000002008,L0000002008,Riggs,Tracy,Robin,,2021-03-09,K,F,W,2025-10-11,T,,ISS,3,N,N,NLP,0
2026Jun1.0StuDiscipline,2025,017044,9155,017044,9155,017044,9155,0000002016,L0000002016,Irwin,Christopher,Joy,,2018-01-02,02,F,M,2024-12-08,O,,OSS,10,N,N,NLP,10
2026Jun1.0StuDiscipline,2024,041590,5400,041590,5400,041590,5400,0000002054,L0000002054,Robinson,Christina,Joshua,,2019-12-12,PK,F,A,2024-02-07,D,,ISS,2,N,N,RCV,0
2026Jun1.0StuDiscipline,2024,039688,5438,039688,5438,039688,5438,0000002055,L0000002055,Mckenzie,Ashley,Robert,,2020-11-20,PK,F,W,2023-11-20,T,,EXP,54,N,N,RCV,0
2026Jun1.0StuDiscipline,2024,027404,3151,027404,3151,027404,3151,0000002057,L0000002057,Herman,Kristin,Jeffery,,2018-10-05,01,F,W,2024-04-26,E,,OSS,10,N,N,NLP,0
2026Jun1.0StuDiscipline,2024,010121,9790,010121,9790,010121,9790,0000002091,L0000002091,Gallegos,Tammy,Bryan,,2018-02-13,01,F,M,2024-01-26,D,,OSS,8,N,N,RCV,0
2026Jun1.0StuDiscipline,2026,006571,1889,006571,1889,006571,1889,0000002095,L0000002095,Payne,Joshua,Lisa,,2018-12-07,03,F,W,2026-05-05,E,,EXP,126,N,N,NLP,0
2026Jun1.0StuDiscipline,2026,023176,1181,023176,1181,023176,1181,0000002114,L0000002114,Jenkins,Eric,Matthew,,2019-06-26,01,F,W,2026-02-07,O,,EXP,10,N,N,NLP,0
2026Jun1.0StuDiscipline,2026,030289,6553,030289,6553,030289,6553,0000002148,L0000002148,Harris,Michelle,,,2019-07-18,01,F,W,2026-05-17,V,,ISS,1,N,N,NLP,0
2026Jun1.0StuDiscipline,2025,067220,5983,067220,5983,067220,5983,0000002190,L0000002190,Williams,David,Joel,,2018-05-13,02,M,W,2024-11-25,D,,EXP,162,N,N,NLP,0
2026Jun1.0StuDiscipline,2025,074109,5111,074109,5111,074109,5111,0000002208,L0000002208,Stokes,Larry,,,2018-03-24,03,M,W,2025-02-20,A,,ISS,2,N,N,NLP,0
2026Jun1.0StuDiscipline,2024,067516,3798,067516,3798,067516,3798,0000002232,L0000002232,Hoffman,Gordon,Jason,,2018-05-02,01,F,P,2024-04-24,T,,EXP,19,N,N,NLP,0
2026Jun1.0StuDiscipline,2025,067516,2640,067516,2640,067516,2640,0000002232,L0000002232,Hoffman,Gordon,Jason,,2018-05-02,02,F,P,2025-05-22,O,,EXP,146,N,N,NLP,0
2026Jun1.0StuDiscipline,2025,088360,3647,088360,3647,088360,3647,0000002245,L0000002245,Chavez,Erica,,,2020-11-12,PK,F,W,2025-02-28,O,,OSS,4,N,N,NLP,4
2026Jun1.0StuDiscipline,2025,011012,7127,011012,7127,011012,7127,0000002261,L0000002261,White,Samantha,Kimberly,,2018-12-15,02,F,B,2024-09-17,N,,EXP,37,N,N,RCV,0
2026Jun1.0StuDiscipline,2024,018686,4218,018686,4218,018686,4218,0000002288,L0000002288,Bradshaw,Cheyenne,Toni,,2018-03-15,01,F,W,2024-03-08,A,,ISS,3,N,N,NLP,0
2026Jun1.0StuDiscipline,2024,066566,7383,066566,7383,066566,7383,0000002292,L0000002292,Johnson,Michelle,Jaclyn,,2018-03-07,01,F,W,2024-01-21,O,,EXP,131,N,N,NLP,0
2026Jun1.0StuDiscipline,2024,007193,2332,007193,2332,007193,2332,0000002293,L0000002293,Flores,Justin,Alan,,2018-01-27,01,M,W,2024-01-24,N,,OSS,3,N,N,NLP,0
2026Jun1.0StuDiscipline,2026,003961,9301,003961,9301,003961,9301,0000002308,L0000002308,Williams,Samuel,Stephen,,2018-09-04,03,M,W,2026-04-16,E,,EXP,119,N,N,NLP,0
2026Jun1.0StuDiscipline,2025,016228,7194,016228,7194,016228,7194,0000002312,L0000002312,Meyer,Justin,Justin,,2018-01-09,02,F,W,2025-01-10,A,,EXP,78,N,N,NLP,6
2026Jun1.0StuDiscipline,2025,003288,7594,003288,7594,003288,7594,0000002324,L0000002324,Ramos,Daniel,,,2021-01-10,PK,M,W,2024-11-12,D,,ISS,3,N,N,NLP,0
2026Jun1.0StuDiscipline,2025,097964,8843,097964,8843,097964,8843,0000002352,L0000002352,Carlson,Gabriel,Chad,,2018-08-26,02,M,W,2025-01-18,V,,EXP,170,N,N,NLP,0
2026Jun1.0StuDiscipline,2024,048298,8328,048298,8328,048298,8328,0000002359,L0000002359,Maynard,Amy,Michelle,,2018-10-17,01,F,W,2024-04-06,T,,OSS,8,N,N,NLP,0
2026Jun1.0StuDiscipline,2024,038765,4525,038765,4525,038765,4525,0000002369,L0000002369,Gonzalez,Janet,Steven,,2018-02-23,01,F,W,2023-12-06,W,,OSS,9,N,N,NLP,0
2026Jun1.0StuDiscipline,2024,076533,2682,076533,2682,076533,2682,0000002375,L0000002375,Brown,Chase,Harry,,2018-05-05,01,M,W,2023-11-23,W,,EXP,62,N,N,NLP,12
2026Jun1.0StuDiscipline,2026,071847,7968,071847,7968,071847,7968,0000002379,L0000002379,Hoover,Kayla,Andrea,,2018-02-08,03,F,W,2025-10-23,D,,EXP,110,N,N,NLP,0
2026Jun1.0StuDiscipline,2025,108736,2766,108736,2766,108736,2766,0000002395,L0000002395,Williams,Robin,Debbie,,2018-02-12,02,F,W,2025-03-16,V,,OSS,9,N,N,NLP,0
2026Jun1.0StuDiscipline,2026,001626,4214,001626,4214,001626,4214,0000002423,L0000002423,Mcfarland,Virginia,John,,2020-01-28,K,F,W,2025-12-16,W,,EXP,111,N,N,NLP,0
2026Jun1.0StuDiscipline,2026,048496,5998,048496,5998,048496,5998,0000002427,L0000002427,Carter,Kevin,Christopher,,2018-08-02,03,M,W,2025-10-15,O,,OSS,10,N,N,NLP,0
2026Jun1.0StuDiscipline,2026,053520,9531,053520,9531,053520,9531,0000002458,L0000002458,May,Richard,Brian,,2018-10-23,03,M,W,2025-09-23,W,,EXP,163,N,N,NLP,0
2026Jun1.0StuDiscipline,2025,071403,1778,071403,1778,071403,1778,0000002460,L0000002460,Frank,Vanessa,Allison,,2018-09-14,02,F,W,2024-11-24,W,,ISS,2,N,N,NLP,0
2026Jun1.0StuDiscipline,2025,067466,9394,067466,9394,067466,9394,0000002513,L0000002513,Stewart,Joshua,Walter,,2020-09-14,PK,M,I,2024-11-10,A,,EXP,98,N,N,NLP,0
2026Jun1.0StuDiscipline,2026,072584,7908,072584,7908,072584,7908,0000002534,L0000002534,Duncan,Alexis,Alicia,,2020-05-19,K,F,W,2026-03-02,D,,EXP,109,N,N,NLP,0
2026Jun1.0StuDiscipline,2026,059074,3415,059074,3415,059074,3415,0000002573,L0000002573,Brown,Robert,Ivan,,2018-06-07,03,M,W,2026-02-04,D,,OSS,5,N,N,NLP,6
2026Jun1.0StuDiscipline,2024,013797,9634,013797,9634,013797,9634,0000002597,L0000002597,Simpson,Debbie,Jessica,,2018-04-25,01,F,B,2023-11-13,N,,EXP,121,N,N,NLP,0
2026Jun1.0StuDiscipline,2024,003628,5133,003628,5133,003628,5133,0000002611,L0000002611,Ball,Richard,Gregory,,2018-12-16,01,M,W,2024-03-11,W,,OSS,10,N,N,NLP,0
2026Jun1.0StuDiscipline,2025,003628,5306,003628,5306,003628,5306,0000002611,L0000002611,Ball,Richard,Gregory,,2018-12-16,02,M,W,2025-03-16,D,,EXP,110,N,N,NLP,0
2026Jun1.0StuDiscipline,2026,089307,6636,089307,6636,089307,6636,0000002615,L0000002615,Stevens,Susan,Kristen,,2021-07-12,K,F,W,2026-03-10,D,,OSS,4,N,N,NLP,0
2026Jun1.0StuDiscipline,2026,114015,7572,114015,7572,114015,7572,0000002669,L0000002669,Lee,Jamie,Pamela,,2018-05-08,03,F,W,2025-12-28,A,,ISS,2,N,N,NLP,0
2026Jun1.0StuDiscipline,2024,001215,1960,001215,1960,001215,1960,0000002703,L0000002703,Austin,Carol,Shannon,,2018-03-20,01,F,W,2024-04-19,T,,ISS,2,N,N,NLP,0
2026Jun1.0StuDiscipline,2024,037815,5542,037815,5542,037815,5542,0000002714,L0000002714,Miller,Eric,Lori,,2019-12-27,K,F,A,2024-02-11,T,,EXP,151,N,N,NLP,0
2026Jun1.0StuDiscipline,2024,019058,9813,019058,9813,019058,9813,0000002727,L0000002727,Jackson,Alisha,Melissa,,2018-07-11,01,F,W,2023-09-19,A,,ISS,2,N,N,NLP,16
2026Jun1.0StuDiscipline,2025,019058,7401,019058,7401,019058,7401,0000002727,L0000002727,Jackson,Alisha,Melissa,,2018-07-11,02,F,W,2024-10-22,D,,EXP,93,N,N,NLP,16
2026Jun1.0StuDiscipline,2026,100830,2880,100830,2880,100830,2880,0000002746,L0000002746,Harris,Clinton,Mario,,2019-07-18,01,F,W,2026-03-20,N,,ISS,2,N,N,NLP,0
2026Jun1.0StuDiscipline,2025,025439,1551,025439,1551,025439,1551,0000002747,L0000002747,Smith,Emily,Courtney,,2018-07-24,02,F,W,2024-09-28,O,,ISS,2,N,N,NLP,0
2026Jun1.0StuDiscipline,2026,115044,3292,115044,3292,115044,3292,0000002780,L0000002780,Rice,Anthony,Thomas,,2020-10-16,K,M,W,2026-04-13,O,,OSS,7,N,N,NLP,0
2026Jun1.0StuDiscipline,2026,038017,4031,038017,4031,038017,4031,0000002789,L0000002789,Lewis,Jason,Ronald,,2019-03-09,01,M,W,2026-03-04,D,,EXP,28,N,N,NLP,0
2026Jun1.0StuDiscipline,2026,102577,2850,102577,2850,102577,2850,0000002790,L0000002790,Hunt,Rachel,Amber,,2019-03-05,01,F,W,2026-03-26,A,,ISS,3,N,N,NLP,0
2026Jun1.0StuDiscipline,2026,037215,3339,037215,3339,037215,3339,0000002822,L0000002822,Fisher,Sarah,Kimberly,,2018-05-12,03,F,W,2026-01-17,E,,ISS,2,N,N,RCV,0
2026Jun1.0StuDiscipline,2024,074150,5869,074150,5869,074150,5869,0000002831,L0000002831,Wang,Michelle,Sandra,,2020-03-01,PK,F,W,2024-05-15,V,,OSS,3,N,N,NLP,0
2026Jun1.0StuDiscipline,2025,015134,3791,015134,3791,015134,3791,0000002832,L0000002832,Gonzalez,Joseph,,,2021-12-14,PK,F,W,2024-10-02,W,,OSS,4,N,N,RCV,0
2026Jun1.0StuDiscipline,2026,023394,2296,023394,2296,023394,2296,0000002856,L0000002856,Scott,John,Aaron,,2020-06-02,K,M,W,2026-05-23,E,,EXP,24,N,N,RCV,0
2026Jun1.0StuDiscipline,2025,004899,1021,004899,1021,004899,1021,0000002863,L0000002863,Rodriguez,Michael,Amber,,2019-11-08,K,F,B,2025-02-26,N,,ISS,2,N,N,NLP,0
2026Jun1.0StuDiscipline,2026,107630,4903,107630,4903,107630,4903,0000002865,L0000002865,Oconnor,Wendy,Michele,,2018-05-16,03,F,W,2025-09-09,E,,OSS,3,N,N,NLP,0
2026Jun1.0StuDiscipline,2024,062350,7535,062350,7535,062350,7535,0000002866,L0000002866,Craig,Shawn,William,,2018-10-07,01,M,W,2024-05-27,D,,EXP,56,N,N,NLP,0
2026Jun1.0StuDiscipline,2026,067780,9876,067780,9876,067780,9876,0000002890,L0000002890,Wang,Kayla,Linda,,2018-07-26,03,F,B,2026-05-11,V,,EXP,144,N,N,NLP,0
2026Jun1.0StuDiscipline,2026,079948,3887,079948,3887,079948,3887,0000002897,L0000002897,Davis,Brandon,,,2018-05-24,03,M,W,2025-11-08,E,,EXP,160,N,N,RCV,0
2026Jun1.0StuDiscipline,2024,103658,8540,103658,8540,103658,8540,0000002912,L0000002912,Koch,Nicholas,,,2018-11-24,01,M,B,2023-09-22,D,,EXP,159,N,N,NLP,0
2026Jun1.0StuDiscipline,2026,064733,6292,064733,6292,064733,6292,0000002915,L0000002915,Martinez,Maria,Anita,,2018-02-07,03,F,W,2025-11-12,V,,OSS,4,N,N,NLP,0
2026Jun1.0StuDiscipline,2025,074629,3220,074629,3220,074629,3220,0000002924,L0000002924,Davis,Susan,Amber,,2018-08-05,02,F,W,2024-12-13,W,,ISS,2,N,N,NLP,0
2026Jun1.0StuDiscipline,2024,079383,4666,079383,4666,079383,4666,0000002933,L0000002933,Davenport,Theodore,,,2018-12-13,01,F,I,2023-12-08,O,,OSS,4,N,N,NLP,0
2026Jun1.0StuDiscipline,2026,029519,9875,029519,9875,029519,9875,0000002948,L0000002948,Bauer,Holly,Richard,,2021-10-02,PK,F,W,2026-03-08,V,,ISS,3,N,N,NLP,0
2026Jun1.0StuDiscipline,2024,091786,7124,091786,7124,091786,7124,0000002949,L0000002949,Davis,Erin,Emily,,2018-11-01,01,F,W,2024-05-18,V,,EXP,20,N,N,NLP,0
2026Jun1.0StuDiscipline,2025,022158,1447,022158,1447,022158,1447,0000002959,L0000002959,Nicholson,Charlene,Jessica,,2021-06-03,PK,F,B,2025-02-14,V,,OSS,5,N,N,NLP,0
2026Jun1.0StuDiscipline,2025,012791,2393,012791,2393,012791,2393,0000002963,L0000002963,Thomas,Stephanie,Melinda,,2018-01-23,02,F,A,2024-10-19,N,,EXP,142,N,N,RCV,0
2026Jun1.0StuDiscipline,2024,033409,8914,033409,8914,033409,8914,0000002982,L0000002982,Rangel,Sandy,Catherine,,2019-01-15,PK,F,W,2024-04-26,O,,OSS,8,N,N,NLP,0
2026Jun1.0StuDiscipline,2025,078237,8560,078237,8560,078237,8560,0000002993,L0000002993,Williams,Ryan,Christopher,,2018-11-21,02,M,B,2024-10-04,W,,ISS,1,N,N,NLP,8
2026Jun1.0StuDiscipline,2026,078237,1642,078237,1642,078237,1642,0000002993,L0000002993,Williams,Ryan,Christopher,,2018-11-21,03,M,B,2025-09-27,O,,EXP,51,N,N,NLP,8
2026Jun1.0StuDiscipline,2024,038621,1871,038621,1871,038621,1871,0000002999,L0000002999,Golden,Kari,John,,2018-08-05,01,F,W,2024-02-25,W,,OSS,7,N,N,NLP,0
2026Jun1.0StuDiscipline,2025,107460,5740,107460,5740,107460,5740,0000003003,L0000003003,Burke,Shelly,,,2019-05-06,K,F,B,2024-09-20,D,,ISS,1,N,N,RCV,0
2026Jun1.0StuDiscipline,2026,093066,8058,093066,8058,093066,8058,0000003014,L0000003014,Figueroa,William,James,,2021-02-07,K,M,W,2025-09-21,T,,ISS,3,N,N,NLP,12
2026Jun1.0StuDiscipline,2026,114689,6446,114689,6446,114689,6446,0000003047,L0000003047,Smith,Shane,Kathleen,,2021-06-23,PK,F,W,2026-05-02,A,,OSS,1,N,N,NLP,10
2026Jun1.0StuDiscipline,2026,010217,7398,010217,7398,010217,7398,0000003050,L0000003050,Mason,April,Gina,,2018-07-19,03,F,W,2025-11-03,A,,ISS,3,N,N,NLP,0
2026Jun1.0StuDiscipline,2025,072444,8387,072444,8387,072444,8387,0000003072,L0000003072,Wells,Megan,Sheryl,,2018-11-15,02,F,W,2025-05-21,V,,OSS,8,N,N,NLP,0
2026Jun1.0StuDiscipline,2026,057892,5283,057892,5283,057892,5283,0000003081,L0000003081,Shaw,Amber,Robert,,2020-02-14,K,F,W,2026-01-23,T,,OSS,2,N,N,NLP,0
2026Jun1.0StuDiscipline,2024,056918,2222,056918,2222,056918,2222,0000003093,L0000003093,Chambers,Jennifer,,,2018-01-02,01,F,B,2023-11-23,D,,ISS,3,N,N,NLP,0
2026Jun1.0StuDiscipline,2025,020579,5219,020579,5219,020579,5219,0000003112,L0000003112,Lopez,Christina,Kelsey,,2021-06-05,PK,F,W,2024-11-22,W,,EXP,63,N,N,NLP,0
2026Jun1.0StuDiscipline,2026,088355,5930,088355,5930,088355,5930,0000003136,L0000003136,Grant,Benjamin,Lisa,,2019-05-15,01,F,B,2025-10-11,A,,ISS,3,N,N,NLP,0
2026Jun1.0StuDiscipline,2025,082548,9188,082548,9188,082548,9188,0000003162,L0000003162,Schmidt,Nathan,David,,2019-07-11,K,F,W,2024-09-10,O,,OSS,1,N,N,NLP,0
2026Jun1.0StuDiscipline,2026,041942,4559,041942,4559,041942,4559,0000003168,L0000003168,Nelson,Matthew,David,,2018-04-27,03,M,W,2026-04-01,W,,ISS,1,N,N,NLP,0
2026Jun1.0StuDiscipline,2026,009235,9203,009235,9203,009235,9203,0000003181,L0000003181,Schmidt,Timothy,Mark,,2018-11-04,03,M,A,2026-01-02,E,,ISS,3,N,N,NLP,0
2026Jun1.0StuDiscipline,2024,007757,1109,007757,1109,007757,1109,0000003208,L0000003208,Weaver,Kari,Laura,,2020-02-06,PK,F,W,2024-04-02,N,,ISS,1,N,N,NLP,0
2026Jun1.0StuDiscipline,2024,011485,1815,011485,1815,011485,1815,0000003213,L0000003213,Cantu,Keith,,,2018-02-08,01,F,W,2024-05-08,D,,ISS,2,N,N,NLP,0
2026Jun1.0StuDiscipline,2026,011485,2647,011485,2647,011485,2647,0000003213,L0000003213,Cantu,Keith,,,2018-02-08,03,F,W,2026-02-03,D,,ISS,2,N,N,NLP,0
2026Jun1.0StuDiscipline,2026,029208,6931,029208,6931,029208,6931,0000003214,L0000003214,Figueroa,Clarence,Jerry,,2018-01-04,03,M,W,2025-09-01,D,,EXP,134,N,N,NLP,0
2026Jun1.0StuDiscipline,2026,078288,6234,078288,6234,078288,6234,0000003245,L0000003245,Griffith,Victoria,Gloria,,2018-04-26,03,F,W,2025-09-03,W,,OSS,6,N,N,NLP,0
2026Jun1.0StuDiscipline,2024,034132,7114,034132,7114,034132,7114,0000003246,L0000003246,Buchanan,David,Catherine,,2018-08-09,01,F,W,2024-03-16,E,,OSS,10,N,N,NLP,0
2026Jun1.0StuDiscipline,2025,034132,6393,034132,6393,034132,6393,0000003246,L0000003246,Buchanan,David,Catherine,,2018-08-09,02,F,W,2025-01-11,E,,OSS,10,N,N,NLP,0
2026Jun1.0StuDiscipline,2025,084831,6538,084831,6538,084831,6538,0000003260,L0000003260,Myers,Charlotte,Jennifer,,2021-04-22,PK,F,W,2024-10-15,O,,ISS,3,N,N,RCV,6
2026Jun1.0StuDiscipline,2026,019632,1613,019632,1613,019632,1613,0000003280,L0000003280,Barton,Philip,David,,2018-02-04,03,M,W,2025-11-18,T,,EXP,76,N,N,NLP,0
2026Jun1.0StuDiscipline,2024,030372,2026,030372,2026,030372,2026,0000003282,L0000003282,Kelly,Sean,,,2018-06-23,01,M,A,2023-09-15,E,,ISS,3,N,N,NLP,0
2026Jun1.0StuDiscipline,2026,066097,6854,066097,6854,066097,6854,0000003286,L0000003286,Doyle,Brandon,Scott,,2018-08-13,03,M,W,2026-02-17,D,,OSS,9,N,N,NLP,0
2026Jun1.0StuDiscipline,2025,032050,4659,032050,4659,032050,4659,0000003291,L0000003291,Jones,Anne,,,2018-02-14,02,F,W,2025-03-17,V,,EXP,133,N,N,NLP,10
2026Jun1.0StuDiscipline,2026,008566,7411,008566,7411,008566,7411,0000003293,L0000003293,Benson,Dawn,Kristina,,2019-01-06,01,F,W,2025-10-17,V,,EXP,54,N,N,NLP,0
2026Jun1.0StuDiscipline,2025,109008,3226,109008,3226,109008,3226,0000003308,L0000003308,Novak,Anthony,Sara,,2018-03-28,02,F,W,2025-01-28,E,,EXP,66,N,N,NLP,0
2026Jun1.0StuDiscipline,2025,004009,1004,004009,1004,004009,1004,0000003346,L0000003346,Sanchez,Mark,Kaitlyn,,2021-09-18,PK,F,W,2025-04-18,V,,ISS,2,N,N,NLP,10
2026Jun1.0StuDiscipline,2025,053283,6688,053283,6688,053283,6688,0000003347,L0000003347,Lawrence,Dylan,Ariana,,2018-12-13,02,F,A,2024-11-14,D,,OSS,9,N,N,RCV,0
2026Jun1.0StuDiscipline,2025,040240,5772,040240,5772,040240,5772,0000003353,L0000003353,Mejia,Elizabeth,,,2018-10-25,02,F,W,2024-11-08,N,,ISS,3,N,N,NLP,0
2026Jun1.0StuDiscipline,2026,068599,6645,068599,6645,068599,6645,0000003361,L0000003361,Webster,Austin,,,2018-02-03,03,F,W,2026-05-18,W,,OSS,4,N,N,NLP,0
2026Jun1.0StuDiscipline,2024,054946,7453,054946,7453,054946,7453,0000003362,L0000003362,Barnes,Jason,Samantha,,2018-02-16,01,F,W,2024-03-24,O,,ISS,3,N,N,NLP,0
2026Jun1.0StuDiscipline,2025,079240,6621,079240,6621,079240,6621,0000003386,L0000003386,Hodges,Brittney,Jennifer,,2018-01-12,02,F,W,2024-11-24,O,,OSS,7,N,N,NLP,0
2026Jun1.0StuDiscipline,2026,034741,3714,034741,3714,034741,3714,0000003421,L0000003421,Long,Samantha,Lisa,,2021-01-13,PK,F,P,2025-10-03,T,,EXP,177,N,N,NLP,0
2026Jun1.0StuDiscipline,2024,022880,3765,022880,3765,022880,3765,0000003440,L0000003440,Hernandez,James,John,,2019-07-24,PK,F,W,2023-09-05,W,,EXP,95,N,N,NLP,0
2026Jun1.0StuDiscipline,2026,046345,7682,046345,7682,046345,7682,0000003484,L0000003484,Flores,John,Andrew,,2018-02-26,03,M,W,2025-12-18,T,,EXP,31,N,N,RCV,0
2026Jun1.0StuDiscipline,2024,062882,4716,062882,4716,062882,4716,0000003495,L0000003495,Grimes,Ralph,Danny,,2019-03-13,PK,M,W,2024-01-25,O,,OSS,9,N,N,NLP,0
2026Jun1.0StuDiscipline,2025,009550,8156,009550,8156,009550,8156,0000003499,L0000003499,Brandt,Tracy,Pamela,,2019-05-05,K,F,W,2024-09-21,W,,EXP,31,N,N,NLP,0
2026Jun1.0StuDiscipline,2024,013900,1864,013900,1864,013900,1864,0000003513,L0000003513,Moore,Meghan,Cynthia,,2018-02-08,01,F,W,2024-05-20,A,,ISS,2,N,N,NLP,0
2026Jun1.0StuDiscipline,2025,034029,6240,034029,6240,034029,6240,0000003514,L0000003514,Russell,Heather,Lisa,,2018-03-09,02,F,W,2024-12-16,V,,EXP,176,N,N,NLP,0
2026Jun1.0StuDiscipline,2024,085447,1672,085447,1672,085447,1672,0000003518,L0000003518,Clark,George,,,2018-07-19,01,M,W,2024-05-06,V,,ISS,3,N,N,NLP,0
2026Jun1.0StuDiscipline,2026,011493,9444,011493,9444,011493,9444,0000003555,L0000003555,Henson,Heidi,Mark,,2020-04-08,K,F,W,2025-11-27,D,,OSS,1,N,N,NLP,17
2026Jun1.0StuDiscipline,2026,072053,2481,072053,2481,072053,2481,0000003565,L0000003565,Jordan,David,William,,2018-12-25,03,M,W,2025-11-25,N,,EXP,102,N,N,NLP,0
2026Jun1.0StuDiscipline,2026,110220,1217,110220,1217,110220,1217,0000003579,L0000003579,Wade,Fred,Blake,,2018-01-27,03,M,W,2025-11-19,N,,EXP,170,N,N,NLP,0
2026Jun1.0StuDiscipline,2025,058622,4100,058622,4100,058622,4100,0000003607,L0000003607,Jones,Erin,Kenneth,,2019-02-05,K,F,W,2024-10-25,O,,EXP,77,N,N,NLP,0
2026Jun1.0StuDiscipline,2024,083365,7681,083365,7681,083365,7681,0000003614,L0000003614,Mccarthy,Julie,Katrina,,2018-11-08,01,F,A,2024-03-05,N,,ISS,1,N,N,NLP,0
2026Jun1.0StuDiscipline,2026,021958,8589,021958,8589,021958,8589,0000003649,L0000003649,Watson,Paul,,,2019-11-13,01,M,W,2026-03-21,T,,EXP,130,N,N,NLP,0
2026Jun1.0StuDiscipline,2026,050375,7577,050375,7577,050375,7577,0000003651,L0000003651,Thomas,Claudia,Lynn,,2018-11-02,03,F,W,2026-02-05,T,,ISS,2,N,N,NLP,0
2026Jun1.0StuDiscipline,2026,115103,6140,115103,6140,115103,6140,0000003652,L0000003652,Greene,Robert,Benjamin,,2018-08-03,03,M,W,2025-12-01,D,,ISS,2,N,N,NLP,0
2026Jun1.0StuDiscipline,2026,058888,9749,058888,9749,058888,9749,0000003657,L0000003657,Smith,Patty,Lindsey,,2018-10-18,03,F,W,2026-02-17,D,,OSS,3,N,N,NLP,0
2026Jun1.0StuDiscipline,2026,006959,3444,006959,3444,006959,3444,0000003664,L0000003664,Jackson,Carolyn,,,2020-12-13,K,F,W,2025-09-05,D,,OSS,10,N,N,NLP,10
2026Jun1.0StuDiscipline,2026,019880,3026,019880,3026,019880,3026,0000003711,L0000003711,Murray,Kevin,Michelle,,2018-01-20,03,F,M,2026-02-11,W,,ISS,2,N,N,RCV,0
2026Jun1.0StuDiscipline,2025,110540,9516,110540,9516,110540,9516,0000003722,L0000003722,Anderson,Suzanne,Sharon,,2018-05-06,02,F,M,2025-04-15,O,,ISS,3,N,N,NLP,0
2026Jun1.0StuDiscipline,2024,089057,7570,089057,7570,089057,7570,0000003725,L0000003725,Bradley,Michael,Kyle,,2018-02-17,01,M,W,2024-02-03,W,,EXP,177,N,N,NLP,0
2026Jun1.0StuDiscipline,2026,090821,8898,090821,8898,090821,8898,0000003732,L0000003732,Bush,April,Catherine,,2019-01-13,01,F,W,2025-09-02,T,,EXP,116,N,N,NLP,17
2026Jun1.0StuDiscipline,2024,081773,9151,081773,9151,081773,9151,0000003734,L0000003734,Liu,Brian,Carlos,,2018-10-07,01,F,W,2024-05-23,O,,ISS,2,N,N,NLP,17
2026Jun1.0StuDiscipline,2025,064707,1063,064707,1063,064707,1063,0000003761,L0000003761,Houston,Kimberly,,,2020-12-22,PK,F,W,2024-11-09,E,,EXP,158,N,N,RCV,0
2026Jun1.0StuDiscipline,2025,059535,6674,059535,6674,059535,6674,0000003764,L0000003764,Moore,Jesus,Michael,,2018-05-25,02,M,W,2024-12-09,O,,OSS,9,N,N,NLP,0
2026Jun1.0StuDiscipline,2025,099463,6899,099463,6899,099463,6899,0000003813,L0000003813,Hudson,Rachael,Kristine,,2018-11-03,02,F,W,2024-10-05,T,,EXP,22,N,N,NLP,0
2026Jun1.0StuDiscipline,2026,071825,6519,071825,6519,071825,6519,0000003828,L0000003828,Valdez,Ivan,Jonathan,,2019-05-08,01,M,W,2025-09-18,E,,EXP,163,N,N,RCV,0
2026Jun1.0StuDiscipline,2026,082982,7451,082982,7451,082982,7451,0000003853,L0000003853,Brooks,Jacqueline,Cindy,,2019-03-07,01,F,W,2026-03-01,A,,EXP,76,N,N,NLP,0
2026Jun1.0StuDiscipline,2026,033907,6071,033907,6071,033907,6071,0000003881,L0000003881,Reed,Melissa,Cheryl,,2018-12-28,03,F,W,2025-10-24,A,,OSS,2,N,N,NLP,0
2026Jun1.0StuDiscipline,2026,091959,2073,091959,2073,091959,2073,0000003882,L0000003882,Hale,David,Renee,,2018-08-28,03,F,W,2026-01-26,N,,EXP,87,N,N,NLP,0
2026Jun1.0StuDiscipline,2026,055935,2636,055935,2636,055935,2636,0000003902,L0000003902,Fernandez,Mary,Amanda,,2018-02-17,03,F,W,2026-03-20,E,,ISS,2,N,N,NLP,0
2026Jun1.0StuDiscipline,2025,082491,1081,082491,1081,082491,1081,0000003928,L0000003928,Figueroa,Jennifer,Angela,,2019-09-01,K,F,W,2024-12-07,E,,ISS,2,N,N,NLP,0
2026Jun1.0StuDiscipline,2024,006681,3809,006681,3809,006681,3809,0000003957,L0000003957,Hancock,Ryan,Jason,,2020-03-23,PK,M,W,2024-04-01,A,,ISS,3,N,N,RCV,0
2026Jun1.0StuDiscipline,2026,045058,8659,045058,8659,045058,8659,0000003979,L0000003979,Lawson,Keith,Brian,,2019-01-08,01,F,W,2025-09-02,E,,OSS,4,N,N,NLP,0
2026Jun1.0StuDiscipline,2026,039222,2484,039222,2484,039222,2484,0000003986,L0000003986,Reyes,Lori,Mary,,2020-07-28,K,F,W,2025-09-08,E,,EXP,20,N,N,NLP,0
2026Jun1.0StuDiscipline,2025,113375,4443,113375,4443,113375,4443,0000004012,L0000004012,Baker,Kristy,Amanda,,2018-09-03,02,F,W,2025-02-24,N,,EXP,52,N,N,NLP,0
2026Jun1.0StuDiscipline,2026,086598,7533,086598,7533,086598,7533,0000004039,L0000004039,Garza,Daisy,Lisa,,2019-04-14,01,F,B,2025-10-11,O,,EXP,116,N,N,NLP,0
2026Jun1.0StuDiscipline,2024,043923,3963,043923,3963,043923,3963,0000004044,L0000004044,Johnson,Willie,Donald,,2018-10-19,02,M,B,2024-04-01,T,,OSS,9,N,N,NLP,0
2026Jun1.0StuDiscipline,2026,028863,5315,028863,5315,028863,5315,0000004048,L0000004048,Sherman,Rebecca,Nancy,,2019-12-22,01,F,W,2025-09-05,O,,EXP,67,N,N,NLP,0
2026Jun1.0StuDiscipline,2025,084381,8697,084381,8697,084381,8697,0000004056,L0000004056,Summers,Craig,Monique,,2018-03-26,02,F,A,2025-05-18,A,,ISS,1,N,N,RCV,0
2026Jun1.0StuDiscipline,2024,014184,6700,014184,6700,014184,6700,0000004077,L0000004077,Dalton,Lori,Erica,,2018-11-10,01,F,W,2023-10-14,T,,EXP,53,N,N,NLP,0
2026Jun1.0StuDiscipline,2025,014184,1430,014184,1430,014184,1430,0000004077,L0000004077,Dalton,Lori,Erica,,2018-11-10,02,F,W,2024-11-13,A,,EXP,29,N,N,NLP,0
2026Jun1.0StuDiscipline,2026,071012,7851,071012,7851,071012,7851,0000004086,L0000004086,Bradley,Haley,Lisa,,2021-04-23,PK,F,W,2026-03-20,V,,OSS,6,N,N,NLP,0
2026Jun1.0StuDiscipline,2024,068259,1383,068259,1383,068259,1383,0000004102,L0000004102,Clark,Betty,Sherri,,2018-08-16,01,F,W,2024-04-06,T,,EXP,35,N,N,NLP,0
2026Jun1.0StuDiscipline,2025,084915,2525,084915,2525,084915,2525,0000004103,L0000004103,Johnson,Chad,David,,2018-08-26,02,M,W,2025-01-24,E,,EXP,119,N,N,NLP,0
2026Jun1.0StuDiscipline,2026,056157,6336,056157,6336,056157,6336,0000004118,L0000004118,Montoya,Robin,Kimberly,,2018-06-05,03,F,W,2026-01-12,N,,OSS,8,N,N,NLP,0
2026Jun1.0StuDiscipline,2024,078717,5005,078717,5005,078717,5005,0000004144,L0000004144,Cole,Jack,Scott,,2018-10-14,02,M,B,2023-09-03,E,,EXP,144,N,N,NLP,0
2026Jun1.0StuDiscipline,2026,078717,9733,078717,9733,078717,9733,0000004144,L0000004144,Cole,Jack,Scott,,2018-10-14,03,M,B,2026-02-18,W,,EXP,126,N,N,NLP,0
2026Jun1.0StuDiscipline,2025,035676,9813,035676,9813,035676,9813,0000004162,L0000004162,Grant,James,Douglas,,2021-05-09,PK,M,W,2025-03-11,E,,EXP,25,N,N,NLP,0
2026Jun1.0StuDiscipline,2026,085093,8167,085093,8167,085093,8167,0000004190,L0000004190,Brown,Kenneth,Jacob,,2020-01-27,K,M,W,2025-12-15,W,,ISS,2,N,N,NLP,0
2026Jun1.0StuDiscipline,2025,080998,8294,080998,8294,080998,8294,0000004191,L0000004191,Barajas,Nicole,Kathleen,,2018-07-01,02,F,W,2025-05-26,E,,OSS,9,N,N,RCV,0
2026Jun1.0StuDiscipline,2025,036342,3609,036342,3609,036342,3609,0000004208,L0000004208,Foster,Kristine,Laura,,2018-10-03,02,F,W,2025-01-27,D,,OSS,4,N,N,NLP,0
2026Jun1.0StuDiscipline,2026,090591,2974,090591,2974,090591,2974,0000004218,L0000004218,Steele,Heather,Debra,,2018-02-22,03,F,W,2025-09-24,A,,ISS,1,N,N,NLP,0
2026Jun1.0StuDiscipline,2024,028394,4082,028394,4082,028394,4082,0000004259,L0000004259,Jones,Justin,Scott,,2018-10-01,01,M,W,2024-03-03,W,,EXP,56,N,N,NLP,0
2026Jun1.0StuDiscipline,2026,114962,4562,114962,4562,114962,4562,0000004296,L0000004296,Garrett,Kathleen,Nicole,,2020-06-15,K,F,W,2025-10-06,N,,OSS,8,N,N,NLP,0
2026Jun1.0StuDiscipline,2026,088165,1732,088165,1732,088165,1732,0000004331,L0000004331,Marsh,Jeffrey,Alexandra,,2018-12-27,03,F,W,2025-10-20,T,,EXP,104,N,N,NLP,0
2026Jun1.0StuDiscipline,2026,101112,5882,101112,5882,101112,5882,0000004411,L0000004411,Davis,Michael,Sheila,,2020-03-28,K,F,B,2026-02-09,O,,ISS,3,N,N,NLP,0
2026Jun1.0StuDiscipline,2026,049498,2011,049498,2011,049498,2011,0000004419,L0000004419,Foster,Malik,Jonathan,,2018-12-01,03,M,B,2026-02-13,O,,OSS,7,N,N,NLP,0
2026Jun1.0StuDiscipline,2026,046281,5078,046281,5078,046281,5078,0000004440,L0000004440,Lowe,Margaret,Timothy,,2018-04-01,03,F,W,2026-02-14,D,,ISS,1,N,N,NLP,0
2026Jun1.0StuDiscipline,2025,007581,1606,007581,1606,007581,1606,0000004464,L0000004464,Pugh,Joseph,Devin,,2018-02-10,02,M,B,2024-11-27,V,,OSS,5,N,N,NLP,0
2026Jun1.0StuDiscipline,2026,015638,4291,015638,4291,015638,4291,0000004489,L0000004489,Douglas,Derek,David,,2018-02-22,03,F,W,2026-03-11,N,,ISS,2,N,N,NLP,0
2026Jun1.0StuDiscipline,2026,042251,9446,042251,9446,042251,9446,0000004493,L0000004493,Sanchez,Jack,Darren,,2018-07-11,03,M,W,2025-10-28,V,,OSS,2,N,N,NLP,0
2026Jun1.0StuDiscipline,2026,028529,1673,028529,1673,028529,1673,0000004507,L0000004507,Harris,Michelle,Cindy,,2020-12-22,K,F,W,2026-02-18,O,,OSS,8,N,N,NLP,0
2026Jun1.0StuDiscipline,2025,012756,3405,012756,3405,012756,3405,0000004511,L0000004511,Jarvis,Vincent,Matthew,,2018-04-16,02,M,A,2025-05-15,E,,ISS,2,N,N,RCV,0
2026Jun1.0StuDiscipline,2025,037740,6034,037740,6034,037740,6034,0000004541,L0000004541,Flores,Jeremy,David,,2018-10-13,02,M,B,2024-11-24,V,,OSS,9,N,N,RCV,0
2026Jun1.0StuDiscipline,2026,037725,7951,037725,7951,037725,7951,0000004550,L0000004550,Reynolds,Amanda,Crystal,,2021-09-13,PK,F,W,2025-09-09,O,,ISS,3,N,N,NLP,16
2026Jun1.0StuDiscipline,2025,015155,4202,015155,4202,015155,4202,0000004629,L0000004629,Price,Debra,Tina,,2018-09-11,02,F,W,2024-11-13,D,,OSS,6,N,N,NLP,0
2026Jun1.0StuDiscipline,2025,094534,8637,094534,8637,094534,8637,0000004641,L0000004641,Cohen,Edgar,Brandon,,2018-12-04,02,M,W,2025-01-06,A,,ISS,2,N,N,NLP,0
2026Jun1.0StuDiscipline,2026,039355,2979,039355,2979,039355,2979,0000004698,L0000004698,Acosta,Carlos,Brian,,2018-06-09,03,M,B,2026-05-24,O,,ISS,1,N,N,RCV,0
2026Jun1.0StuDiscipline,2024,098194,5203,098194,5203,098194,5203,0000004725,L0000004725,Cruz,Timothy,Michael,,2018-05-19,01,M,B,2024-01-02,N,,OSS,5,N,N,NLP,0
2026Jun1.0StuDiscipline,2025,061892,5999,061892,5999,061892,5999,0000004727,L0000004727,Fletcher,John,Pedro,,2019-10-01,K,F,W,2025-02-21,N,,ISS,3,N,N,NLP,12
2026Jun1.0StuDiscipline,2026,002791,9105,002791,9105,002791,9105,0000004767,L0000004767,Sparks,Mary,Lisa,,2018-06-04,03,F,W,2026-01-18,O,,EXP,68,N,N,NLP,0
2026Jun1.0StuDiscipline,2025,034035,8568,034035,8568,034035,8568,0000004779,L0000004779,Wilson,Tiffany,,,2019-03-25,K,F,W,2024-10-22,T,,OSS,1,N,N,NLP,0
2026Jun1.0StuDiscipline,2024,051161,4622,051161,4622,051161,4622,0000004803,L0000004803,Perez,Darlene,Terri,,2018-02-17,01,F,W,2023-10-09,W,,ISS,3,N,N,NLP,0
2026Jun1.0StuDiscipline,2026,051161,8646,051161,8646,051161,8646,0000004803,L0000004803,Perez,Darlene,Terri,,2018-02-17,03,F,W,2025-12-12,W,,OSS,6,N,N,NLP,0
2026Jun1.0StuDiscipline,2025,109233,5254,109233,5254,109233,5254,0000004843,L0000004843,Diaz,Toni,Megan,,2018-01-19,02,F,B,2024-12-13,O,,EXP,130,N,N,NLP,0
2026Jun1.0StuDiscipline,2026,016350,7039,016350,7039,016350,7039,0000004859,L0000004859,Wagner,Frank,Nicholas,,2019-04-28,01,F,W,2025-10-24,V,,OSS,4,N,N,NLP,0
2026Jun1.0StuDiscipline,2024,028382,6942,028382,6942,028382,6942,0000004877,L0000004877,Gonzalez,Jeremy,Marc,,2019-07-16,PK,M,W,2024-01-13,E,,ISS,3,N,N,NLP,0
2026Jun1.0StuDiscipline,2025,021300,1324,021300,1324,021300,1324,0000004883,L0000004883,Thompson,Michael,Carl,,2021-08-22,PK,M,W,2025-03-14,O,,ISS,2,N,N,NLP,0
2026Jun1.0StuDiscipline,2024,024631,7139,024631,7139,024631,7139,0000004914,L0000004914,Owen,Kevin,,,2018-12-04,01,M,B,2024-01-13,W,,EXP,80,N,N,NLP,0
2026Jun1.0StuDiscipline,2025,101758,3037,101758,3037,101758,3037,0000004966,L0000004966,Lopez,Christopher,Shelby,,2020-01-26,K,F,W,2025-02-11,O,,ISS,3,N,N,NLP,0
2026Jun1.0StuDiscipline,2026,093097,7991,093097,7991,093097,7991,0000004967,L0000004967,Nguyen,Scott,Nathan,,2019-07-14,01,M,W,2026-01-01,O,,OSS,10,N,N,NLP,0
